<application>
  <component name="DuplocatorSettings">
    <option name="SELECTED_PROFILES">
      <set>
        <option value="ActionScript" />
        <option value="CSS" />
        <option value="ECMAScript 6" />
        <option value="Flow JS" />
        <option value="HTML" />
        <option value="JavaScript" />
        <option value="TypeScript" />
        <option value="TypeScript JSX" />
        <option value="XHTML" />
        <option value="XML" />
      </set>
    </option>
    <option name="LAST_SELECTED_LANGUAGE" value="XML" />
  </component>
  <component name="MultiLanguageDuplocatorSettings">
    <object language="ActionScript">
      <option name="DISTINGUISH_FUNCTIONS" value="false" />
      <option name="DISTINGUISH_LITERALS" value="false" />
    </object>
  </component>
</application>