<application>
  <component name="FileTypeManager" version="19">
    <extensionMap>
      <mapping pattern="hot_func_static" type="AUTO_DETECTED" />
      <mapping ext="csv" type="PLAIN_TEXT" />
      <mapping ext="wasm" type="PLAIN_TEXT" />
      <mapping ext="plantuml" type="PlantUML file" />
      <removed_mapping ext="csv" approved="true" type="CSV/TSV" />
      <removed_mapping ext="pdf" approved="true" type="Native" />
      <removed_mapping ext="tsv" approved="true" type="CSV/TSV" />
    </extensionMap>
  </component>
</application>