<application>
  <component name="GoSdkList">
    <sdk-url>
      <set>
        <option value="file://$USER_HOME$/go/go1.16.13" />
        <option value="file:///opt/homebrew/Cellar/go/1.17.11" />
        <option value="file:///opt/homebrew/Cellar/go/1.18.1/libexec" />
        <option value="file:///opt/homebrew/Cellar/go/default" />
        <option value="file:///opt/homebrew/Cellar/go@1.19/1.19.11/libexec" />
        <option value="file:///opt/homebrew/opt/go/libexec" />
      </set>
    </sdk-url>
  </component>
</application>