<application>
  <component name="PlantUmlSettingsNew">
    <option name="PLANTUML_LIMIT_SIZE" value="" />
    <option name="customPlantumlJarPath" value="" />
    <option name="dotExecutable" value="/opt/homebrew/Cellar/graphviz/6.0.2/bin/dot" />
    <option name="includedPaths" value="" />
    <option name="lastBundledVersion" value="1.2023.2" />
    <option name="previewSettings">
      <PreviewSettings>
        <option name="splitEditorLayout" value="Show preview only" />
      </PreviewSettings>
    </option>
  </component>
</application>