<application>
  <component name="CachedDictionaryState">
    <words>
      <w>aweme</w>
      <w>awemes</w>
      <w>bizs</w>
      <w>byted</w>
      <w>codeline</w>
      <w>commarg</w>
      <w>coverpkg</w>
      <w>datas</w>
      <w>doas</w>
      <w>douyin</w>
      <w>dtos</w>
      <w>dupl</w>
      <w>fset</w>
      <w>getenv</w>
      <w>ginex</w>
      <w>gofeed</w>
      <w>gotestsum</w>
      <w>gvids</w>
      <w>hotest</w>
      <w>hotlist</w>
      <w>hotsoon</w>
      <w>kitc</w>
      <w>kitex</w>
      <w>krakend</w>
      <w>kratos</w>
      <w>ldflag</w>
      <w>leafboat</w>
      <w>logid</w>
      <w>mainlog</w>
      <w>mockdata</w>
      <w>mrid</w>
      <w>notzero</w>
      <w>oncall</w>
      <w>oncalls</w>
      <w>rview</w>
      <w>statuss</w>
      <w>sysinfo</w>
      <w>unsuccess</w>
      <w>wangqiwei</w>
      <w>xigua</w>
      <w>yumme</w>
    </words>
  </component>
</application>