<application>
  <component name="UpdatesConfigurable">
    <ignoredBuildNumbers>
      <item value="223.8836.56" />
    </ignoredBuildNumbers>
    <option name="LAST_BUILD_CHECKED" value="GO-233.11799.286" />
    <option name="LAST_TIME_CHECKED" value="1703054445208" />
    <option name="OBSOLETE_CUSTOM_REPOSITORIES_CLEAN_NEEDED" value="false" />
    <pluginHosts>
      <item value="https://sast.bytedance.com/plugin/jetbrains/updatePlugins.xml" />
      <item value="http://tosv.byted.org/obj/bytesuite-center/bytesuite_intellij_plugin_update.xml" />
      <item value="http://tosv.byted.org/obj/codeverse-tos/jetbrain_plugin/Codeverse.xml" />
      <item value="http://tosv.byted.org/obj/codebase-fe-tos/updatePlugins.xml" />
    </pluginHosts>
    <option name="PLUGINS_CHECK_NEEDED" value="false" />
    <option name="THIRD_PARTY_PLUGINS_ALLOWED" value="true" />
    <option name="WHATS_NEW_SHOWN_FOR" value="233" />
  </component>
</application>