<application>
  <component name="AppStorage">
    <histories>
      <item value="ring" />
      <item value="Vacant" />
      <item value="traits" />
      <item value="mutable" />
      <item value="prot" />
      <item value="iprot" />
      <item value="noop" />
      <item value="Ticket" />
      <item value="demotion" />
      <item value="convergence" />
      <item value="dyeing" />
      <item value="vacant" />
      <item value="occupied" />
      <item value="Entrance" />
      <item value="Convey" />
      <item value="fill" />
      <item value="responsible" />
      <item value="Access" />
      <item value="Compat Logger" />
      <item value="trialing" />
      <item value="sanitize" />
      <item value="sanitizes" />
      <item value="Demotion" />
      <item value="Stage" />
      <item value="Hint" />
      <item value="emergency" />
      <item value="Demotio" />
      <item value="crystal" />
      <item value="flow Divider" />
      <item value="trailing slash redirect" />
      <item value="except" />
      <item value="lazines" />
      <item value="relay" />
      <item value="stale" />
    </histories>
    <option name="languageScores">
      <map>
        <entry key="CHINESE" value="34" />
        <entry key="ENGLISH" value="35" />
        <entry key="AFRIKAANS" value="1" />
        <entry key="LATIN" value="1" />
      </map>
    </option>
  </component>
  <component name="Cache">
    <option name="lastTrimTime" value="1669083450437" />
  </component>
  <component name="Translation.Cache">
    <option name="lastTrimTime" value="1701077398665" />
  </component>
  <component name="Translation.States">
    <histories>
      <item value="If Honey Punish" />
      <item value="Honey Punis" />
      <item value="Fake" />
      <item value="one rune" />
      <item value="Impression" />
      <item value="Diversity" />
      <item value="Cny" />
      <item value="album" />
      <item value="episode" />
      <item value="Survey" />
      <item value="Cart" />
      <item value="Impre" />
      <item value="Specified" />
      <item value="raptor" />
      <item value="federation" />
      <item value="Integrate" />
      <item value="Strict" />
      <item value="Stric" />
      <item value="landscape" />
      <item value="topview" />
      <item value="Pangolin" />
      <item value="backup" />
      <item value="Schindle" />
      <item value="personal backup" />
      <item value="degrade switch" />
      <item value="Stand By" />
      <item value="Enrich Sort Build Parameter" />
      <item value="Sink Mode" />
      <item value="Stub" />
      <item value="is Variadic" />
      <item value="Convert returns the value v converted to type t. If the usual Go conversion rules do not allow conversion of the value v to type t, or if converting v to type t panics, Convert panics." />
      <item value="makeFuncStub is an assembly function that is the code half of the function returned from MakeFunc" />
      <item value="MakeFunc returns a new function of the given Type that wraps the function fn. When called, that new function does the following: - converts its arguments to a slice of Values. - runs results := fn(args). - returns the results as a slice of Values, one per formal result. The implementation fn can assume that the argument Value slice has the number and type of arguments given by typ. If typ describes a variadic function, the final Value is itself a slice representing the variadic arguments, as in the body of a variadic function. The result Value slice returned by fn must have the number and type of results given by typ. The Value.Call method allows the caller to invoke a typed function in terms of Values; in contrast, MakeFunc allows the caller to implement a typed function in terms of Values. The Examples section of the documentation includes an illustration of how to use MakeFunc to build a swap function for different types." />
      <item value="Make Func" />
      <item value="Circuit Breaker" />
      <item value="Convey" />
      <item value="directive" />
      <item value="query, err = Parse(`" />
      <item value="mutation" />
      <item value="reverse" />
      <item value="rune" />
      <item value="introspection" />
      <item value="trigger degradation strategy" />
      <item value="Caught" />
    </histories>
    <option name="languageScores">
      <map>
        <entry key="AFRIKAANS" value="1" />
        <entry key="CHINESE" value="40" />
        <entry key="CROATIAN" value="1" />
        <entry key="ENGLISH" value="41" />
        <entry key="SPANISH" value="1" />
      </map>
    </option>
  </component>
</application>