<keymap version="1" name="Eclipse (macOS) copy" parent="Eclipse (Mac OS X)">
  <action id="$LRU">
    <keyboard-shortcut first-keystroke="f10" />
  </action>
  <action id="ActivateTerminalToolWindow">
    <keyboard-shortcut first-keystroke="f12" />
  </action>
  <action id="Arrangement.Rule.Edit" />
  <action id="BookmarksView.Rename" />
  <action id="ChangesView.Rename">
    <keyboard-shortcut first-keystroke="shift f6" />
  </action>
  <action id="Console.TableResult.EditValue">
    <keyboard-shortcut first-keystroke="enter" />
    <keyboard-shortcut first-keystroke="alt enter" />
  </action>
  <action id="Editor LRU">
    <keyboard-shortcut first-keystroke="f10" />
  </action>
  <action id="Git.Rename.Local.Branch">
    <keyboard-shortcut first-keystroke="shift f6" />
  </action>
  <action id="Git.Reword.Commit">
    <keyboard-shortcut first-keystroke="shift f6" />
  </action>
  <action id="GotoDeclaration">
    <keyboard-shortcut first-keystroke="f3" />
    <mouse-shortcut keystroke="control button1" />
    <mouse-shortcut keystroke="meta button1" />
  </action>
  <action id="QuickJavaDoc">
    <mouse-shortcut keystroke="alt button2" />
  </action>
  <action id="RenameElement">
    <keyboard-shortcut first-keystroke="f2" />
  </action>
  <action id="ShelvedChanges.Rename">
    <keyboard-shortcut first-keystroke="shift f6" />
  </action>
  <action id="Table-startEditing" />
  <action id="Tree-startEditing" />
  <action id="Vcs.Log.ShowTooltip">
    <mouse-shortcut keystroke="alt button2" />
  </action>
  <action id="XDebugger.SetValue" />
</keymap>